Graph_Type,N,Mode,Predicted_Beta_a2,Observed_Beta_a2,Error_Pct
Ring (N=16),16,8,8.255463046322015e-15,8.486259129704064e-15,2.795677021228662
Grid (8x4),32,16,3.538613124933969e-14,3.635681399046105e-14,2.7431163194464134
"Erdos-Renyi (N=32, p=0.2)",32,16,4.371682873692578,4.57875694193431,4.736712936975364
Watts-Strogatz (N=32),32,16,0.7129590552789369,0.7451075143056013,4.509159227115322
